{
    "usd_to_rub": 81.30081300813008,
    "eur_to_rub": 94.33962264150944,
    "usd_to_eur": 0.8617886178861788
}